排名,学校名称,省市,总分,生源质量（新生高考成绩得分）,培养结果（毕业生就业率）,社会声誉（社会捐赠收入·千元）,科研规模（论文数量·篇）,科研质量（论文质量·FWCI）,顶尖成果（高被引论文·篇）,顶尖人才（高被引学者·人）,科技服务（企业科研经费·千元）,成果转化（技术转让收入·千元）,学生国际化（留学生比例）
1,清华大学,北京,94.6,100.0,98.30%,1589319,48698,1.512,1810,126,1697330,302898,6.81%
2,北京大学,北京,76.5,95.2,98.07%,570497,47161,1.409,1402,100,554680,14445,6.15%
3,浙江大学,浙江,72.9,84.2,96.05%,352880,52249,1.197,1140,91,1179094,101208,5.71%
4,上海交通大学,上海,72.1,91.1,97.92%,275235,54447,1.201,1108,81,875715,12574,6.05%
5,复旦大学,上海,65.6,91.6,96.09%,251272,35028,1.384,828,57,348338,65034,6.77%
6,中国科学技术大学,安徽,60.9,91.1,93.40%,71038,25036,1.560,992,43,0,6400,2.32%
7,华中科技大学,湖北,58.9,80.1,95.70%,33858,32298,1.327,924,33,632943,14972,5.02%
7,南京大学,江苏,58.9,86.2,98.46%,114607,28082,1.474,797,33,199756,3349,3.25%
9,中山大学,广东,58.2,79.7,91.00%,202168,32535,1.341,768,49,319876,2019,4.93%
10,哈尔滨工业大学,黑龙江,56.7,76.6,95.47%,59905,30346,1.193,763,24,1396701,566,2.78%
11,北京航空航天大学,北京,56.3,86.9,98.65%,99223,20767,1.165,506,12,1428022,2576,4.21%
12,武汉大学,湖北,56.2,82.4,96.50%,161620,28077,1.218,643,21,732814,5785,5.09%
13,同济大学,上海,55.7,85.2,98.70%,130671,27794,1.070,540,33,500630,1098,4.40%
14,西安交通大学,陕西,55.0,82.0,98.06%,104122,30006,1.150,621,17,458953,36900,3.48%
15,四川大学,四川,54.4,74.0,96.36%,81905,34276,1.023,546,27,1020604,47223,2.75%
16,北京理工大学,北京,54.0,79.7,97.90%,43022,16605,1.042,378,13,872622,253765,3.06%
17,东南大学,江苏,53.6,79.4,97.88%,55508,23544,1.208,703,22,415824,4258,4.68%
18,南开大学,天津,52.8,83.9,97.94%,72705,13193,1.505,451,21,60012,29156,3.87%
19,天津大学,天津,52.3,80.1,98.23%,67633,24927,1.092,518,19,454094,36653,1.85%
20,华南理工大学,广东,52.0,73.4,91.80%,26493,21560,1.315,644,24,334378,89671,2.35%
21,中南大学,湖南,50.3,73.2,98.02%,31641,29520,1.145,606,15,313783,1980,1.15%
22,北京师范大学,北京,49.7,82.7,99.31%,106666,13842,1.230,303,17,96181,650,5.23%
23,山东大学,山东,49.1,71.3,90.94%,27968,30673,1.101,476,22,245149,15300,2.58%
23,厦门大学,福建,49.1,75.3,94.70%,399695,15640,1.282,392,17,175898,200,4.01%
25,吉林大学,吉林,48.9,71.9,97.88%,118939,30069,0.986,450,20,322408,2280,1.63%
26,大连理工大学,辽宁,48.6,72.9,94.70%,19937,22080,1.066,478,31,271130,500,2.10%
27,电子科技大学,四川,48.4,73.8,96.33%,47721,14465,1.245,478,23,324500,4163,1.99%
28,湖南大学,湖南,48.1,71.7,96.13%,34245,14389,1.349,534,15,375803,2650,1.54%
29,苏州大学,江苏,47.3,64.7,92.03%,20913,18101,1.393,575,16,503719,3900,2.08%
30,西北工业大学,陕西,46.7,74.0,96.57%,19280,16819,1.035,387,7,692310,1910,1.91%
31,中国人民大学,北京,46.1,87.8,97.14%,91179,4192,1.166,81,3,9271,0,4.57%
32,华东师范大学,上海,46.0,77.9,95.04%,44868,9529,1.246,234,10,87743,512,4.88%
33,南京航空航天大学,江苏,44.8,71.4,99.30%,9146,13706,0.888,254,15,458367,42560,3.21%
34,对外经济贸易大学,北京,44.7,81.9,98.98%,22189,804,1.074,13,3,0,0,16.20%
35,南方科技大学,广东,44.6,77.0,98.21%,54977,2083,>1.560,94,6,6915,0,0.47%
36,华东理工大学,上海,44.5,71.4,97.22%,14022,13441,1.109,255,13,235839,25321,1.25%
37,重庆大学,重庆,44.4,70.7,94.53%,37839,18572,1.008,361,7,352239,712,1.06%
38,南京理工大学,江苏,44.3,68.4,98.79%,11791,12292,1.027,269,5,391240,84355,3.26%
39,北京科技大学,北京,43.9,71.1,95.08%,49993,16142,0.977,318,4,338517,3033,3.43%
40,东北大学,辽宁,43.7,66.5,95.60%,14226,13477,0.870,227,6,1089583,48045,1.97%
41,上海大学,上海,43.4,66.3,99.63%,10124,11910,1.101,242,12,526681,1615,2.43%
42,北京邮电大学,北京,42.9,76.1,99.14%,8607,7605,1.039,240,2,142780,2764,0.86%
42,上海财经大学,上海,42.9,85.3,91.22%,31075,1342,1.026,26,1,0,0,5.81%
42,中国农业大学,北京,42.9,68.5,96.79%,41583,12960,1.156,215,12,88734,9340,1.32%
45,武汉理工大学,湖北,42.8,67.2,96.30%,30028,9848,1.152,292,7,326294,6478,2.62%
46,北京交通大学,北京,42.6,70.8,98.72%,56004,11590,0.874,223,5,276113,15830,5.04%
46,华中师范大学,湖北,42.6,68.4,93.36%,17496,4529,1.555,193,2,10696,1313,3.47%
48,西安电子科技大学,陕西,42.1,70.5,98.11%,32347,11364,0.961,267,7,187003,2286,0.82%
49,中央财经大学,北京,41.8,82.9,97.12%,19019,1119,0.997,15,3,0,0,1.33%
50,北京化工大学,北京,41.7,64.0,98.71%,17883,9364,1.250,246,11,119972,2465,1.34%
51,暨南大学,广东,41.5,68.1,97.08%,123132,9938,1.069,161,3,32660,8723,5.34%
52,东华大学,上海,41.4,66.9,96.08%,9259,6312,1.261,179,7,88321,1566,3.76%
52,兰州大学,甘肃,41.4,66.1,88.66%,10821,13217,1.201,242,10,86628,100,1.08%
52,中南财经政法大学,湖北,41.4,72.2,94.38%,3232,578,>1.560,20,0,0,0,0.50%
55,宁波诺丁汉大学,浙江,40.3,60.4,97.40%,376,584,>1.560,7,1,9806,0,12.60%
56,哈尔滨工程大学,黑龙江,40.1,67.0,94.95%,10365,8637,0.891,170,3,509663,1245,2.45%
56,华北电力大学,北京,40.1,66.4,96.88%,22811,7232,1.081,179,2,220866,0,1.89%
58,深圳大学,广东,40.0,59.3,91.96%,58305,7625,1.414,271,3,144449,1452,1.24%
59,江南大学,江苏,39.6,64.2,97.87%,28619,10092,0.995,144,5,239049,7102,1.29%
59,南京师范大学,江苏,39.6,64.2,95.89%,7981,5866,1.182,158,6,155221,170,1.67%
61,北京工业大学,北京,39.5,65.9,98.45%,4944,10174,0.782,149,4,266788,47230,1.76%
62,福州大学,福建,39.4,60.2,95.58%,3833,6790,1.281,207,10,108227,2100,0.16%
63,北京外国语大学,北京,39.3,79.9,94.71%,62784,147,0.583,0,0,0,0,11.13%
63,北京语言大学,北京,39.3,69.3,96.19%,2433,101,0.603,0,0,0,0,29.15%
63,中国地质大学（武汉）,湖北,39.3,62.3,96.45%,6783,7998,1.093,170,9,106432,453,2.66%
66,西南交通大学,四川,39.2,64.8,95.34%,34482,10241,0.862,172,7,335000,560,0.98%
67,华中农业大学,湖北,39.1,60.8,94.30%,26748,7895,1.184,133,9,75839,18250,1.62%
67,中国海洋大学,山东,39.1,67.5,92.95%,6573,8678,0.964,113,5,147737,1950,1.76%
69,南京农业大学,江苏,39.0,60.5,97.08%,13669,9866,1.140,129,9,76035,10455,0.99%
70,上海外国语大学,上海,38.8,76.6,97.27%,2745,173,0.715,0,0,0,0,8.58%
71,中国矿业大学,江苏,38.6,59.2,98.38%,13264,9689,1.056,191,5,189038,970,2.14%
72,中国地质大学（北京）,北京,38.5,61.6,94.99%,462,7795,1.145,186,4,83751,0,0.80%
73,东北财经大学,辽宁,38.2,67.0,94.41%,40801,562,1.178,20,1,0,0,4.03%
73,西南财经大学,四川,38.2,73.3,88.64%,0,1228,1.043,24,1,80,0,0.97%
73,西南大学,重庆,38.2,58.2,94.39%,34513,9648,1.130,210,6,94354,900,1.37%
76,东北师范大学,吉林,38.1,60.4,97.50%,7134,4758,1.193,104,10,18513,0,1.54%
76,南京邮电大学,江苏,38.1,57.3,98.45%,2320,5127,1.211,181,1,182817,34529,0.96%
76,中国政法大学,北京,38.1,79.8,98.15%,14103,252,0.603,3,0,1752,0,2.16%
79,河海大学,江苏,38.0,64.4,96.54%,10132,8467,0.828,111,1,361418,437,2.09%
80,南京信息工程大学,江苏,37.9,51.9,98.78%,0,6578,1.399,193,0,103307,23207,2.70%
81,西北农林科技大学,陕西,37.8,60.6,95.97%,15912,10580,1.020,151,3,66613,3018,0.77%
82,中国石油大学（华东）,山东,37.4,60.4,96.06%,7705,7464,0.888,136,2,338002,164,3.79%
83,合肥工业大学,安徽,37.3,60.7,96.08%,8900,8574,0.996,176,1,126619,412,0.48%
84,陕西师范大学,陕西,37.2,63.1,92.13%,19743,5392,1.080,97,4,19640,217,0.88%
85,华南师范大学,广东,37.1,60.4,97.15%,31069,5522,1.060,79,5,110739,1550,1.11%
85,江苏大学,江苏,37.1,52.1,98.12%,6622,12524,0.984,216,5,247597,7280,3.63%
87,南京工业大学,江苏,37.0,52.1,95.24%,2397,7722,1.197,193,11,226412,5490,0.32%
87,中国石油大学（北京）,北京,37.0,55.4,97.55%,1210,10044,0.943,199,1,299991,300,3.55%
89,西北大学,陕西,36.9,63.8,89.33%,0,6510,1.036,106,0,54000,252,1.34%
89,浙江工业大学,浙江,36.9,58.2,96.22%,6566,7636,0.960,116,4,215831,400,3.74%
91,北京林业大学,北京,36.8,65.5,94.67%,12452,6246,0.859,69,4,38644,3300,0.62%
91,湖南师范大学,湖南,36.8,65.7,95.34%,25140,3159,0.966,52,0,21371,320,1.84%
91,浙江师范大学,浙江,36.8,55.2,95.88%,8935,3564,1.310,106,3,23274,174,3.66%
94,首都师范大学,北京,36.4,59.7,99.85%,3798,3624,1.030,54,2,11054,0,4.04%
95,汕头大学,广东,36.3,58.4,99.64%,225015,2982,1.090,40,4,6791,130,0.14%
96,中国传媒大学,北京,36.2,74.1,98.46%,16793,404,0.536,1,0,6001,0,2.90%
97,杭州电子科技大学,浙江,36.1,58.8,96.88%,15817,3614,1.060,95,2,56546,14183,1.11%
98,扬州大学,江苏,36.0,48.7,98.83%,12229,6338,1.062,141,3,200121,96206,1.95%
99,安徽大学,安徽,35.9,61.3,92.92%,5674,4774,1.025,87,0,35920,350,0.64%
100,华侨大学,福建,35.7,53.3,98.60%,38291,3218,0.908,42,1,15208,15208,15.79%
101,宁波大学,浙江,35.4,54.4,97.27%,163673,6257,0.929,86,3,29277,3492,4.86%
101,首都经济贸易大学,北京,35.4,58.7,99.41%,2473,420,1.118,9,1,0,0,2.94%
101,西交利物浦大学,江苏,35.4,52.9,99.51%,17936,770,1.311,24,0,93,0,4.96%
104,燕山大学,河北,35.3,61.9,94.91%,1424,6842,0.752,88,1,155974,1532,0.38%
105,湖北大学,湖北,35.2,56.0,96.57%,8225,2811,1.147,62,2,74853,2600,0.18%
106,长安大学,陕西,35.1,62.5,95.20%,4475,5412,0.577,49,0,451955,13792,1.37%
106,上海理工大学,上海,35.1,57.9,97.78%,3544,5546,0.803,94,0,310937,1280,1.61%
108,大连海事大学,辽宁,35.0,61.9,96.54%,5495,3215,0.836,60,0,79719,3297,1.28%
108,广东外语外贸大学,广东,35.0,58.2,99.54%,13417,546,1.102,12,0,0,0,2.04%
108,太原理工大学,山西,35.0,58.0,90.02%,0,6659,0.842,73,1,126435,60099,0.57%
111,广东工业大学,广东,34.8,49.9,97.52%,2103,4728,1.171,139,2,154340,3630,1.34%
111,南京财经大学,江苏,34.8,54.8,98.84%,0,678,1.250,21,1,10515,5600,0.32%
111,浙江理工大学,浙江,34.8,54.3,97.42%,1400,3579,1.097,76,1,50225,1610,2.06%
114,河北工业大学,天津,34.7,65.7,94.59%,0,3881,0.684,31,0,35970,4200,0.22%
115,华东政法大学,上海,34.6,69.0,96.03%,5229,109,0.611,2,0,0,0,2.10%
115,湘潭大学,湖南,34.6,54.7,93.73%,5889,3935,1.119,88,2,12458,22,1.33%
115,浙江财经大学,浙江,34.6,56.3,97.09%,8445,812,1.163,25,0,0,0,1.02%
115,中国矿业大学（北京）,北京,34.6,60.9,98.96%,300,4158,0.790,33,1,99201,0,0.19%
119,青岛大学,山东,34.5,53.5,91.64%,3571,7228,1.012,169,3,16490,850,1.16%
120,上海师范大学,上海,34.2,53.8,98.57%,8327,2818,1.079,45,2,13309,50,1.66%
121,南京审计大学,江苏,34.1,58.9,98.27%,0,372,0.999,10,0,0,0,0.35%
122,华南农业大学,广东,34.0,51.3,95.59%,15249,5950,1.050,89,3,118425,3818,0.26%
123,江西财经大学,江西,33.9,52.6,92.17%,14194,1052,1.307,38,0,0,0,0.43%
123,辽宁大学,辽宁,33.9,58.2,95.34%,4716,1571,0.946,21,0,8760,500,1.93%
123,中央民族大学,北京,33.9,67.5,0,899,1.033,25,1,3013,0,1.64%
126,武汉工程大学,湖北,33.8,51.4,93.23%,832,1947,1.276,62,0,51800,1555,0.18%
126,郑州大学,河南,33.8,46.6,94.11%,13157,14594,0.887,175,2,198927,280,1.82%
128,杭州师范大学,浙江,33.6,49.8,97.46%,11305,3716,1.167,70,1,12895,210,0.95%
128,上海对外经贸大学,上海,33.6,64.7,95.26%,1067,237,0.620,2,1,0,0,3.00%
130,上海海事大学,上海,33.4,52.8,97.25%,1636,1940,1.031,45,2,82627,0,1.11%
131,山东师范大学,山东,33.3,51.3,93.01%,24188,2778,1.155,67,2,6241,3382,0.29%
131,武汉科技大学,湖北,33.3,57.3,95.02%,17771,3379,0.827,40,1,82390,300,0.18%
133,北京第二外国语学院,北京,33.2,60.8,98.92%,3283,120,0.558,0,0,0,0,8.47%
133,广西大学,广西,33.2,57.0,90.88%,3190,5949,0.797,62,1,41396,1458,1.33%
133,云南大学,云南,33.2,55.4,95.31%,0,3664,0.868,37,3,21485,200,1.95%
133,浙江工商大学,浙江,33.2,55.8,95.84%,7654,2326,0.863,31,0,13371,203,3.62%
137,山西大学,山西,33.1,52.8,86.94%,0,4733,1.069,91,3,14721,2070,0.16%
138,东北农业大学,黑龙江,33.0,57.2,95.77%,4159,3647,0.815,23,0,20851,0,1.10%
139,广州大学,广东,32.7,49.1,96.39%,7267,2407,1.082,75,1,136604,170,0.09%
139,黑龙江大学,黑龙江,32.7,50.1,86.36%,2608,2225,1.227,53,2,8883,80,1.30%
139,南昌大学,江西,32.7,49.4,89.52%,749,8774,0.948,124,4,19335,404,1.21%
139,天津财经大学,天津,32.7,61.6,95.89%,0,172,0.666,1,0,0,0,2.01%
143,东北林业大学,黑龙江,32.5,57.1,94.29%,3054,4451,0.704,34,0,52695,3100,0.90%
143,河南大学,河南,32.5,51.0,94.62%,1964,5411,0.896,58,1,24302,27734,0.29%
145,河北大学,河北,32.4,56.8,95.46%,200,3801,0.720,35,2,7117,100,0.47%
146,江苏师范大学,江苏,32.3,44.7,98.67%,5358,2676,1.235,69,1,18934,1110,0.28%
147,济南大学,山东,32.0,41.2,94.11%,2099,4714,1.243,125,3,35796,14580,0.47%
147,山东财经大学,山东,32.0,47.0,91.44%,1130,569,1.313,28,1,745,0,0.05%
149,山东科技大学,山东,31.9,41.5,97.88%,835,3580,1.223,122,3,26456,800,0.89%
150,长沙理工大学,湖南,31.7,53.9,96.47%,10431,2867,0.736,31,1,99471,700,0.44%
151,西南政法大学,重庆,31.4,60.1,91.50%,508,107,0.647,2,0,1590,0,0.16%
152,渤海大学,辽宁,31.3,34.9,93.51%,1726,1732,>1.560,109,2,8429,80,2.10%
152,重庆工商大学,重庆,31.3,41.9,92.16%,0,1008,1.386,53,1,5914,2669,0.18%
152,福建师范大学,福建,31.3,45.2,97.17%,0,3340,0.962,68,1,15856,15016,2.67%
152,天津师范大学,天津,31.3,48.3,93.57%,0,1803,1.007,34,2,7590,192,1.89%
156,曲阜师范大学,山东,31.2,36.7,92.44%,300,2311,1.529,112,0,1995,0,0.21%
156,三峡大学,湖北,31.2,49.6,92.96%,3539,2636,0.854,37,0,88151,200,3.35%
158,北京工商大学,北京,31.1,51.7,99.54%,2059,1509,0.767,10,0,39611,2984,0.97%
158,西安理工大学,陕西,31.1,54.7,92.40%,0,4115,0.641,34,0,126279,661,0.02%
158,浙江农林大学,浙江,31.1,41.7,97.92%,16349,1813,1.128,48,2,79839,516,2.81%
161,广西师范大学,广西,31.0,47.0,93.71%,2706,1884,1.028,42,1,5900,328,1.25%
161,温州大学,浙江,31.0,44.7,97.64%,1883,2346,1.055,40,0,8979,170,1.87%
163,湖北工业大学,湖北,30.9,51.1,96.53%,3333,1730,0.750,12,1,115272,1190,1.34%
163,四川农业大学,四川,30.9,48.8,97.24%,6019,4366,0.830,32,0,43502,3180,0.08%
165,重庆邮电大学,重庆,30.8,48.4,95.65%,3822,2575,0.820,53,1,38765,14557,1.22%
165,河北师范大学,河北,30.8,51.0,95.13%,1330,1989,0.816,18,1,17762,1200,0.54%
165,河南师范大学,河南,30.8,45.6,91.23%,0,3827,1.009,76,2,55775,5834,0.01%
168,北京体育大学,北京,30.7,54.2,98.79%,0,172,0.667,1,0,0,0,1.29%
168,常州大学,江苏,30.7,45.0,98.33%,0,3784,0.925,57,0,94011,177,0.56%
168,天津工业大学,天津,30.7,46.7,94.66%,0,4267,0.845,53,3,131426,210,0.82%
171,石家庄铁道大学,河北,30.6,55.2,96.20%,0,1234,0.557,8,1,52115,1000,1.95%
172,中国计量大学,浙江,30.4,47.8,97.03%,3173,2899,0.850,43,0,36120,666,0.24%
173,海南大学,海南,30.3,46.9,92.40%,3460,2101,0.983,28,0,9516,350,0.72%
173,江苏科技大学,江苏,30.3,45.5,98.58%,5510,2580,0.851,39,1,78741,25,1.60%
175,安徽财经大学,安徽,30.2,49.4,92.59%,531,277,0.940,2,0,420,0,0.06%
175,北京建筑大学,北京,30.2,48.5,96.89%,2803,1048,0.769,16,0,182330,200,0.82%
175,中南民族大学,湖北,30.2,45.0,93.50%,2231,1795,1.049,40,1,8777,50,0.00%
178,安徽工业大学,安徽,30.1,41.7,97.18%,754,2225,0.990,52,0,41520,36660,0.32%
178,北京物资学院,北京,30.1,38.1,98.41%,1625,149,1.355,6,0,0,0,0.24%
178,南通大学,江苏,30.1,43.5,98.42%,4558,5134,0.851,37,1,80805,480,1.39%
178,内蒙古大学,内蒙古,30.1,51.3,84.30%,0,1914,0.860,21,0,0,0,1.84%
178,中国人民公安大学,北京,30.1,56.2,94.90%,0,181,0.577,0,0,0,0,0.00%
183,青岛科技大学,山东,30.0,41.6,93.41%,3425,3223,1.074,65,2,48817,35,0.17%
183,西南石油大学,四川,30.0,41.4,95.68%,15350,4744,0.706,61,1,277763,80920,0.04%
185,武汉纺织大学,湖北,29.9,44.6,94.04%,52207,1150,0.990,8,1,45382,510,0.67%
185,中国民航大学,天津,29.9,52.4,95.63%,1647,1535,0.628,21,0,46289,0,0.02%
187,华北理工大学,河北,29.8,47.3,96.22%,0,2910,0.780,48,0,11182,300,0.74%
187,南京林业大学,江苏,29.8,46.4,98.28%,670,3564,0.773,35,0,27078,4900,0.27%
187,西安建筑科技大学,陕西,29.8,52.2,96.91%,27511,4089,0.470,20,1,117182,901,0.02%
190,北方工业大学,北京,29.7,47.6,99.26%,0,1037,0.724,20,0,35286,0,2.42%
190,河北科技大学,河北,29.7,49.7,96.16%,0,1587,0.667,15,1,87980,3080,0.44%
190,上海电力大学,上海,29.7,42.6,97.87%,1059,1592,0.995,39,1,35594,0,0.40%
193,安徽师范大学,安徽,29.6,43.1,93.92%,3908,2154,1.018,37,0,22229,50,0.40%
193,哈尔滨师范大学,黑龙江,29.6,47.9,81.85%,1220,1362,1.027,20,0,1500,0,0.76%
193,湖南农业大学,湖南,29.6,42.4,94.48%,889,2356,0.993,43,0,37588,12700,0.16%
193,上海海洋大学,上海,29.6,43.7,96.73%,338,2906,0.867,49,0,20248,20023,0.26%
193,上海立信会计金融学院,上海,29.6,51.1,95.61%,401,272,0.670,1,0,0,0,1.75%
193,四川师范大学,四川,29.6,47.0,0,1345,1.327,29,3,10000,0,0.21%
199,辽宁工业大学,辽宁,29.5,29.4,95.88%,796,931,>1.560,66,1,0,0,2.85%
200,沈阳航空航天大学,辽宁,29.4,46.5,96.12%,0,1377,0.664,8,1,39000,0,6.22%
201,湖南工业大学,湖南,29.3,38.0,91.09%,0,1154,1.279,57,0,2174,0,0.00%
202,江西师范大学,江西,29.2,40.3,90.75%,7712,2689,1.112,58,0,3559,0,0.53%
202,西华师范大学,四川,29.2,35.3,95.04%,2239,1158,1.316,54,1,10431,0,0.08%
204,福建农林大学,福建,29.1,39.2,97.24%,12871,3149,1.012,43,1,27582,179,0.73%
204,天津理工大学,天津,29.1,40.9,90.66%,1038,2471,1.047,51,0,66005,218,0.38%
206,安徽农业大学,安徽,29.0,44.2,96.33%,0,1990,0.838,15,0,55812,3330,0.53%
206,兰州交通大学,甘肃,29.0,43.8,97.12%,1067,2310,0.804,67,0,45010,70,0.58%
206,陕西科技大学,陕西,29.0,47.2,93.60%,0,2450,0.741,17,1,21152,1705,0.00%
209,集美大学,福建,28.9,46.1,96.60%,18345,1294,0.754,15,0,33343,1120,0.28%
210,长春理工大学,吉林,28.8,50.6,90.05%,890,2843,0.573,11,1,31976,20,0.93%
210,重庆交通大学,重庆,28.8,44.3,95.02%,1941,1556,0.662,33,1,102826,50691,0.52%
210,中南林业科技大学,湖南,28.8,45.9,94.73%,239,1687,0.766,31,0,29810,4876,0.04%
213,重庆师范大学,重庆,28.7,42.0,92.16%,6562,1354,0.968,30,0,8602,7541,0.48%
213,湖南科技大学,湖南,28.7,46.1,92.38%,24,2234,0.758,38,0,55926,0,0.00%
213,江汉大学,湖北,28.7,42.9,93.03%,158,827,0.958,11,0,5121,0,0.57%
216,成都理工大学,四川,28.6,47.8,93.85%,0,3681,0.569,22,0,108081,4260,0.00%
216,河南理工大学,河南,28.6,43.2,94.65%,520,3954,0.750,42,0,36575,17320,0.00%
216,辽宁师范大学,辽宁,28.6,48.4,92.58%,186,1642,0.670,9,0,1684,0,1.06%
219,南华大学,湖南,28.5,45.4,94.52%,307,2683,0.720,25,0,21835,150,0.48%
220,长江大学,湖北,28.4,43.3,93.44%,4204,2704,0.684,24,0,107235,500,3.96%
220,重庆理工大学,重庆,28.4,39.1,94.53%,3036,1536,0.715,17,0,130058,112000,0.27%
220,武汉轻工大学,湖北,28.4,41.4,93.94%,980,1027,0.969,25,0,6403,370,0.00%
220,云南师范大学,云南,28.4,39.2,97.40%,0,1543,0.941,25,0,4302,0,2.45%
224,闽南师范大学,福建,28.3,36.4,96.64%,0,532,1.180,10,0,231,0,0.02%
224,山西财经大学,山西,28.3,51.5,90.51%,0,166,0.585,0,0,0,0,0.10%
226,河南工业大学,河南,28.2,41.5,94.36%,0,2059,0.820,25,1,156416,460,0.08%
226,湖州师范学院,浙江,28.2,35.4,96.04%,0,883,1.069,27,0,10295,9,4.46%
226,西安邮电大学,陕西,28.2,48.7,92.83%,0,909,0.605,13,0,45621,100,0.00%
229,广西民族大学,广西,28.1,39.6,96.91%,19032,764,0.912,13,0,1448,0,2.38%
229,湖北经济学院,湖北,28.1,47.1,92.68%,2014,194,0.720,1,0,0,0,0.04%
229,山西师范大学,山西,28.1,46.0,91.20%,0,1303,0.746,8,1,340,0,0.05%
229,苏州科技大学,江苏,28.1,43.1,97.62%,0,1562,0.762,14,0,50333,174,0.18%
229,天津科技大学,天津,28.1,41.6,95.75%,0,3054,0.818,20,0,33469,430,0.23%
234,湖北第二师范学院,湖北,28.0,36.6,88.30%,0,283,1.260,3,0,0,0,0.00%
234,吉林师范大学,吉林,28.0,44.3,95.78%,1261,1100,0.746,7,0,480,0,0.52%
234,郑州师范学院,河南,28.0,33.9,93.73%,0,134,1.315,4,0,90,0,0.00%
237,哈尔滨理工大学,黑龙江,27.9,46.5,92.54%,1655,3043,0.599,29,0,21840,380,0.17%
237,河北农业大学,河北,27.9,47.3,89.76%,0,2002,0.625,10,0,25239,10630,0.14%
237,吉首大学,湖南,27.9,42.9,94.59%,2832,780,0.831,6,0,3959,20,0.00%
240,北京信息科技大学,北京,27.8,45.7,99.45%,0,1005,0.577,11,0,33223,0,0.58%
240,西北师范大学,甘肃,27.8,42.0,77.69%,0,2977,0.972,51,1,12610,0,1.16%
240,浙江外国语学院,浙江,27.8,39.2,97.10%,0,119,0.970,0,0,0,0,0.22%
240,中北大学,山西,27.8,47.7,92.30%,3100,3809,0.507,14,0,77049,0,0.00%
244,贵州大学,贵州,27.7,42.2,88.09%,2321,3413,0.786,40,1,57228,2000,0.50%
244,湖南商学院,湖南,27.7,40.1,95.97%,380,257,0.926,11,0,39,0,0.02%
246,河南财经政法大学,河南,27.6,45.7,91.32%,0,250,0.740,0,0,0,0,0.00%
246,淮北师范大学,安徽,27.6,36.2,90.37%,0,1012,1.141,31,0,2890,80,0.00%
246,沈阳农业大学,辽宁,27.6,44.1,93.11%,3082,1895,0.699,11,0,22555,130,0.22%
246,浙江海洋大学,浙江,27.6,40.4,96.59%,825,1208,0.828,14,1,38019,100,0.28%
250,东莞理工学院,广东,27.5,37.2,93.45%,1480,804,1.004,21,0,83504,0,0.00%
250,湖北师范大学,湖北,27.5,38.4,93.73%,1243,634,1.002,14,0,4327,420,0.00%
250,昆明理工大学,云南,27.5,36.6,96.62%,560,7309,0.715,72,2,55968,1430,0.74%
250,西南民族大学,四川,27.5,41.3,92.46%,1235,896,0.871,13,0,792,0,0.02%
254,上海第二工业大学,上海,27.4,38.0,97.40%,0,363,0.933,4,1,12428,0,0.45%
254,上海应用技术大学,上海,27.4,37.9,99.04%,3486,1927,0.814,21,0,87793,378,0.59%
256,绍兴文理学院,浙江,27.3,33.8,93.10%,1037,1292,1.142,42,0,6699,0,0.18%
257,东北电力大学,吉林,27.2,49.0,84.92%,147,1400,0.494,4,0,59673,20645,0.32%
257,桂林电子科技大学,广西,27.2,37.6,93.58%,0,2348,0.873,45,1,13413,2801,0.68%
257,浙江传媒学院,浙江,27.2,45.0,96.16%,6808,124,0.620,0,0,595,0,0.27%
260,河北经贸大学,河北,27.1,51.7,90.48%,0,151,0.381,0,0,520,0,0.43%
260,河南农业大学,河南,27.1,39.9,91.54%,0,2148,0.824,15,1,43819,450,0.02%
262,东北石油大学,黑龙江,27.0,45.9,89.86%,205,1984,0.542,22,1,57789,230,0.04%
262,石河子大学,新疆,27.0,40.7,90.01%,2469,2761,0.761,22,0,8348,1800,1.03%
264,兰州理工大学,甘肃,26.9,38.4,97.20%,1804,3764,0.677,48,0,74463,210,0.70%
265,广西财经学院,广西,26.8,40.1,96.07%,0,115,0.780,0,0,0,0,0.75%
265,西安工业大学,陕西,26.8,41.8,93.02%,0,1261,0.650,8,0,55670,18605,0.00%
265,浙江科技学院,浙江,26.8,39.2,96.83%,259,952,0.644,6,0,37080,190,5.34%
268,安徽理工大学,安徽,26.7,42.1,96.84%,650,1978,0.600,8,0,29260,4426,0.00%
268,大连民族大学,辽宁,26.7,40.2,94.13%,253,928,0.765,15,0,3486,4000,0.09%
268,新疆大学,新疆,26.7,41.7,80.42%,0,3238,0.768,27,1,21140,0,1.66%
268,烟台大学,山东,26.7,35.2,96.99%,3352,1843,0.875,32,0,8633,0,1.36%
268,延边大学,吉林,26.7,46.9,70.80%,4472,1518,0.772,4,0,2802,0,1.38%
273,长沙学院,湖南,26.6,31.8,97.00%,0,467,1.116,12,0,970,43,0.01%
273,大连交通大学,辽宁,26.6,45.7,90.62%,1610,1110,0.544,6,0,30657,90,0.03%
275,吉林财经大学,吉林,26.5,47.2,91.10%,0,125,0.494,0,0,0,0,0.16%
275,青岛理工大学,山东,26.5,40.5,95.94%,1540,978,0.689,9,0,41248,150,0.01%
275,上海工程技术大学,上海,26.5,39.1,98.82%,0,1637,0.671,6,0,36941,200,0.67%
275,西安科技大学,陕西,26.5,43.9,92.86%,716,1779,0.540,13,0,55537,130,0.00%
279,长春工业大学,吉林,26.4,40.2,93.29%,188,1287,0.708,12,0,23340,7000,0.03%
279,桂林理工大学,广西,26.4,36.7,96.27%,0,2019,0.793,15,0,34578,47,0.55%
279,河南科技大学,河南,26.4,40.2,91.91%,0,4184,0.630,21,1,13960,5650,0.00%
279,淮阴师范学院,江苏,26.4,30.9,98.10%,0,987,1.088,24,0,2645,35,0.00%
279,西南科技大学,四川,26.4,38.3,94.23%,352,3249,0.698,20,0,43771,8190,0.21%
284,佛山科学技术学院,广东,26.3,34.9,99.84%,0,529,0.876,10,0,24872,47,0.00%
284,南京工程学院,江苏,26.3,40.4,98.42%,217,1248,0.600,1,0,63880,409,0.00%
284,宁夏大学,宁夏,26.3,41.1,92.78%,1634,1317,0.663,9,0,25905,470,0.40%
287,广东技术师范大学,广东,26.2,37.7,94.46%,0,351,0.800,8,0,2326,709,1.07%
287,河北工程大学,河北,26.2,40.3,93.29%,0,1395,0.673,12,0,17478,1210,0.46%
287,黄冈师范学院,湖北,26.2,30.0,93.29%,0,392,1.208,10,0,0,660,0.02%
287,南京晓庄学院,江苏,26.2,37.4,91.57%,6,261,0.880,4,0,1283,0,0.46%
287,沈阳建筑大学,辽宁,26.2,45.6,95.74%,0,1363,0.329,1,0,33145,540,2.62%
287,西安工程大学,陕西,26.2,41.1,93.91%,0,1784,0.549,20,0,80052,18520,0.02%
293,大理大学,云南,26.1,30.1,92.98%,0,520,0.971,7,0,6302,0,8.01%
293,大连大学,辽宁,26.1,40.3,94.60%,0,1496,0.630,13,0,11203,150,0.80%
295,湖北民族大学,湖北,25.9,29.4,93.07%,715,689,1.143,17,1,4129,0,0.69%
295,华东交通大学,江西,25.9,39.9,92.77%,57596,1698,0.596,13,0,73131,4560,0.05%
295,嘉兴学院,浙江,25.9,33.6,97.25%,709,1242,0.886,20,0,7993,50,0.01%
295,闽江学院,福建,25.9,30.2,98.24%,82,451,1.059,9,0,1732,1143,0.15%
295,青海大学,青海,25.9,39.7,91.79%,666,1092,0.710,6,0,11357,0,0.03%
300,大连工业大学,辽宁,25.8,37.9,92.44%,0,1191,0.744,9,0,16008,3340,0.25%
300,河北地质大学,河北,25.8,40.8,96.15%,0,318,0.596,4,0,13912,0,0.00%
300,天津商业大学,天津,25.8,39.6,91.00%,0,605,0.726,6,0,1950,134,0.01%
300,玉林师范学院,广西,25.8,31.7,97.80%,0,322,0.990,7,0,6317,0,0.30%
300,中国人民武装警察部队学院,河北,25.8,53.1,0,204,0.543,5,0,1043,0,0.00%
305,北京印刷学院,北京,25.7,38.0,96.64%,0,305,0.692,5,0,7840,320,0.17%
305,广东金融学院,广东,25.7,40.3,94.93%,0,386,0.620,0,0,0,0,0.14%
305,南宁师范大学,广西,25.7,37.4,94.96%,2000,447,0.729,3,0,15949,50,0.78%
305,沈阳师范大学,辽宁,25.7,36.0,95.95%,881,784,0.768,9,0,0,80,0.88%
305,厦门理工学院,福建,25.7,34.4,98.80%,50,1058,0.771,12,0,21651,106,1.10%
310,成都信息工程大学,四川,25.5,39.9,91.41%,1058,1323,0.628,9,0,22872,30,0.01%
310,沈阳工业大学,辽宁,25.5,40.2,94.83%,0,2039,0.469,5,0,137713,160,0.65%
310,云南财经大学,云南,25.5,31.2,92.89%,0,388,1.020,1,0,7169,0,0.94%
313,安徽建筑大学,安徽,25.4,38.5,93.73%,0,812,0.663,12,0,11297,60,0.00%
313,哈尔滨商业大学,黑龙江,25.4,42.5,92.86%,829,777,0.496,0,0,0,0,0.01%
313,黑龙江工程学院,黑龙江,25.4,30.1,94.78%,0,374,1.030,4,0,48800,4020,0.13%
313,湖北工程学院,湖北,25.4,29.6,93.04%,347,232,1.105,7,0,2362,0,0.01%
313,江苏理工学院,江苏,25.4,35.4,98.14%,5536,784,0.706,11,0,34724,50,0.64%
313,郑州轻工业大学,河南,25.4,34.2,95.26%,0,1726,0.781,26,0,40315,600,0.00%
319,长春师范大学,吉林,25.3,40.3,85.92%,745,449,0.700,0,0,1030,95,0.15%
319,湖南第一师范学院,湖南,25.3,38.3,93.49%,11105,242,0.680,1,0,0,0,0.00%
319,吉林农业大学,吉林,25.3,34.1,96.51%,0,1843,0.758,8,0,18431,1300,0.40%
319,太原科技大学,山西,25.3,39.7,90.85%,0,1643,0.605,10,0,8171,0,0.00%
319,太原师范学院,山西,25.3,41.4,83.21%,0,170,0.703,0,0,964,30,0.00%
324,常熟理工学院,江苏,25.2,33.5,98.45%,594,900,0.799,5,0,7277,0,0.00%
324,广东石油化工学院,广东,25.2,23.0,99.22%,0,540,1.260,11,0,28400,10,0.30%
324,海南师范大学,海南,25.2,32.8,96.56%,0,756,0.854,8,0,5528,198,0.07%
324,华北水利水电大学,河南,25.2,40.8,95.02%,0,1969,0.452,8,0,37602,0,0.11%
324,宁波工程学院,浙江,25.2,32.9,97.96%,10250,737,0.798,6,0,35908,0,0.61%
324,西安石油大学,陕西,25.2,40.5,92.59%,445,1379,0.404,4,0,0,35961,1.67%
324,西华大学,四川,25.2,37.7,94.77%,0,1394,0.625,17,0,21594,100,0.00%
331,河北科技师范学院,河北,25.1,37.3,96.83%,0,622,0.630,2,0,1102,0,0.00%
331,湖南城市学院,湖南,25.1,36.8,93.48%,34,556,0.693,3,0,45754,10,0.02%
331,内蒙古工业大学,内蒙古,25.1,40.8,91.66%,0,1616,0.478,3,0,53658,0,0.63%
331,山东农业大学,山东,25.1,28.6,96.09%,5887,3657,0.918,28,0,33049,5291,0.00%
331,延安大学,陕西,25.1,40.1,91.34%,0,722,0.588,3,0,0,0,0.00%
336,大连海洋大学,辽宁,25.0,35.0,95.18%,500,935,0.727,12,0,8799,285,0.34%
336,广东第二师范学院,广东,25.0,35.5,96.24%,0,294,0.724,1,0,232,0,0.00%
336,河北北方学院,河北,25.0,34.0,95.46%,0,835,0.667,7,0,225,0,4.42%
336,五邑大学,广东,25.0,31.2,99.88%,0,847,0.814,11,0,53707,80,0.01%
336,西安财经大学,陕西,25.0,41.9,90.29%,0,150,0.530,0,0,0,0,0.00%
341,重庆文理学院,重庆,24.9,28.8,96.07%,0,780,0.990,12,0,3685,0,0.50%
341,贵州师范学院,贵州,24.9,22.2,92.90%,0,185,1.380,8,0,978,500,0.00%
343,宝鸡文理学院,陕西,24.8,33.5,92.54%,0,637,0.818,13,0,1757,0,0.00%
343,南昌航空大学,江西,24.8,35.2,88.92%,0,2244,0.692,19,1,54686,95,0.81%
343,山西大同大学,山西,24.8,38.0,85.81%,0,651,0.729,4,0,1040,0,0.00%
343,山西农业大学,山西,24.8,35.7,93.21%,0,1048,0.708,4,0,11042,820,0.00%
343,信阳师范学院,河南,24.8,35.6,509,955,1.151,30,1,774,0,0.00%
348,广东海洋大学,广东,24.7,34.9,92.46%,0,1014,0.726,7,0,23710,550,0.04%
349,湖南工程学院,湖南,24.6,37.8,93.56%,0,595,0.588,4,0,5465,175,0.00%
350,山东理工大学,山东,24.5,33.2,92.43%,5797,2424,0.700,20,0,52730,780,0.38%
351,北华航天工业学院,河北,24.4,38.7,97.35%,0,125,0.470,0,0,4845,0,0.00%
351,湖北汽车工业学院,湖北,24.4,28.3,95.11%,414,238,0.980,11,0,9470,380,0.00%
351,湖南理工学院,湖南,24.4,31.4,98.98%,3015,474,0.767,5,0,2082,800,0.00%
351,浙江大学城市学院,浙江,24.4,33.9,98.68%,2605,490,0.640,3,0,30665,0,0.00%
355,聊城大学,山东,24.3,26.0,95.07%,373,1734,1.001,24,1,5565,945,0.00%
355,中国民用航空飞行学院,四川,24.3,40.9,94.51%,0,232,0.392,2,0,0,0,0.00%
357,安徽工程大学,安徽,24.2,33.2,95.46%,2373,851,0.700,5,0,7256,466,0.00%
357,北华大学,吉林,24.2,38.3,85.00%,1301,853,0.558,0,0,14802,0,2.49%
357,辽宁工程技术大学,辽宁,24.2,40.4,94.80%,192,1997,0.322,6,0,27997,0,0.29%
357,南阳师范学院,河南,24.2,27.8,92.38%,0,1088,0.980,18,0,0,0,0.00%
357,盐城师范学院,江苏,24.2,32.7,98.60%,1158,647,0.672,3,0,30929,1150,0.02%
362,成都大学,四川,24.1,32.5,96.97%,0,913,0.669,8,1,16845,1320,0.14%
362,福建工程学院,福建,24.1,31.9,97.16%,206,672,0.718,7,0,9337,45,0.04%
362,陕西理工大学,陕西,24.1,35.3,93.30%,0,711,0.617,5,0,5692,0,0.00%
365,兰州城市学院,甘肃,24.0,28.7,88.89%,0,127,1.011,1,0,2970,0,0.00%
365,鲁东大学,山东,24.0,30.8,95.22%,2846,1625,0.743,8,0,13007,20,0.50%
365,武汉体育学院,湖北,24.0,27.7,93.13%,0,135,0.986,4,0,0,0,0.13%
365,徐州工程学院,江苏,24.0,29.9,98.84%,338,443,0.786,9,0,2181,10,0.04%
369,黑龙江科技大学,黑龙江,23.9,34.7,94.32%,65,553,0.610,5,0,14931,0,0.00%
369,湖北科技学院,湖北,23.9,30.7,90.67%,0,545,0.859,3,0,645,800,0.00%
369,湖北文理学院,湖北,23.9,30.8,94.77%,560,482,0.780,3,0,6800,180,0.00%
372,北京联合大学,北京,23.8,29.0,98.40%,7730,821,0.668,11,0,12916,0,4.12%
372,江苏第二师范学院,江苏,23.8,36.3,98.64%,100,144,0.470,0,0,357,0,0.00%
372,江西科技师范大学,江西,23.8,27.7,87.32%,0,1013,0.992,12,1,0,0,0.05%
372,江西理工大学,江西,23.8,32.4,90.15%,371,1625,0.692,17,0,50243,1550,0.15%
372,齐齐哈尔大学,黑龙江,23.8,33.8,94.00%,749,1136,0.600,5,0,1667,0,0.80%
372,韶关学院,广东,23.8,25.8,97.58%,0,290,0.968,6,0,4398,0,0.00%
372,西安文理学院,陕西,23.8,36.8,93.67%,0,226,0.520,1,0,6534,50,0.00%
379,长春大学,吉林,23.7,36.1,87.70%,0,512,0.608,3,0,360,140,0.37%
379,洛阳理工学院,河南,23.7,32.2,95.09%,0,558,0.675,8,0,4013,50,0.00%
379,山东建筑大学,山东,23.7,33.5,94.72%,0,965,0.599,6,0,31478,130,0.12%
382,沈阳理工大学,辽宁,23.6,39.0,92.06%,0,1068,0.354,5,0,2018,1230,0.86%
382,盐城工学院,江苏,23.6,28.5,98.01%,1359,1605,0.746,17,0,23901,152,0.01%
384,北京农学院,北京,23.5,29.7,96.27%,0,604,0.750,2,0,9667,360,0.00%
384,河南科技学院,河南,23.5,31.8,93.40%,0,1203,0.656,6,0,3326,6800,0.00%
384,洛阳师范学院,河南,23.5,31.8,87.79%,1192,1130,0.756,13,0,2415,4912,0.00%
384,内江师范学院,四川,23.5,23.7,95.05%,0,365,1.046,16,0,300,0,0.15%
384,沈阳化工大学,辽宁,23.5,33.2,92.71%,108,1185,0.559,2,0,0,520,2.34%
384,忻州师范学院,山西,23.5,31.5,91.31%,0,149,0.769,0,0,32,0,0.00%
384,运城学院,山西,23.5,31.3,91.29%,0,294,0.760,3,0,0,0,0.00%
391,甘肃农业大学,甘肃,23.4,31.2,93.73%,0,1202,0.671,11,0,7829,120,0.05%
391,广东财经大学,广东,23.4,44.0,854,218,0.590,0,0,0,0,0.00%
391,湖南财政经济学院,湖南,23.4,36.3,94.54%,0,116,0.470,0,0,0,0,0.00%
391,湖南文理学院,湖南,23.4,25.7,93.95%,130,636,0.928,11,0,20765,5530,0.00%
391,金陵科技学院,江苏,23.4,35.4,97.55%,83,163,0.453,0,0,16360,1430,0.00%
391,岭南师范学院,广东,23.4,28.7,99.08%,160,180,0.755,1,0,918,0,0.01%
391,内蒙古农业大学,内蒙古,23.4,33.4,84.67%,0,1338,0.678,12,0,55358,0,0.41%
391,齐鲁工业大学,山东,23.4,25.2,92.05%,50,2700,0.905,36,1,22448,168,0.06%
391,上海电机学院,上海,23.4,33.1,98.78%,584,394,0.507,1,0,9432,65,1.56%
391,上海体育学院,上海,23.4,37.5,0,501,0.790,1,0,716,50,3.66%
401,辽宁科技大学,辽宁,23.3,32.6,91.19%,0,1257,0.611,12,0,42981,300,0.48%
401,青岛农业大学,山东,23.3,25.1,93.44%,1294,2275,0.896,23,0,41000,570,0.01%
401,新疆师范大学,新疆,23.3,32.3,89.58%,0,499,0.595,4,0,753,0,4.07%
401,仲恺农业工程学院,广东,23.3,32.2,93.81%,0,416,0.640,2,0,6534,0,0.00%
405,安康学院,陕西,23.2,31.9,91.05%,0,102,0.697,0,0,846,0,0.00%
405,赣南师范大学,江西,23.2,28.9,83.05%,0,740,0.918,13,0,3205,5580,0.13%
405,淮海工学院,江苏,23.2,29.5,98.28%,693,883,0.662,6,0,13994,181,0.05%
405,临沂大学,山东,23.2,24.8,95.99%,0,961,0.912,16,0,2896,0,0.04%
405,泉州师范学院,福建,23.2,27.0,95.32%,5307,341,0.855,2,0,1315,0,0.01%
405,唐山学院,河北,23.2,36.2,96.57%,0,199,0.403,1,0,468,0,0.00%
405,通化师范学院,吉林,23.2,34.2,92.30%,0,165,0.570,0,0,450,0,0.13%
412,北京服装学院,北京,23.1,35.3,97.81%,0,385,0.398,0,0,7544,0,0.15%
412,合肥学院,安徽,23.1,31.5,96.16%,0,482,0.600,2,0,3546,167,0.29%
412,江西农业大学,江西,23.1,29.3,87.93%,1509,1422,0.797,16,0,20835,400,0.04%
412,沈阳大学,辽宁,23.1,32.5,92.02%,0,1397,0.572,5,0,1065,34,1.01%
416,湖北理工学院,湖北,23.0,31.1,93.16%,0,508,0.656,5,0,2273,0,0.00%
416,淮阴工学院,江苏,23.0,29.5,96.31%,851,979,0.638,5,0,46289,150,0.30%
416,曲靖师范学院,云南,23.0,23.9,88.80%,0,297,1.065,9,0,150,0,0.08%
419,安庆师范大学,安徽,22.9,29.0,89.78%,0,538,0.788,6,0,7986,2005,0.00%
419,惠州学院,广东,22.9,31.7,96.86%,0,293,0.570,3,0,4621,0,0.00%
419,佳木斯大学,黑龙江,22.9,31.6,84.76%,245,703,0.679,2,0,1280,0,2.70%
422,鞍山师范学院,辽宁,22.8,28.4,91.39%,0,163,0.785,3,0,0,0,0.46%
422,衡阳师范学院,湖南,22.8,28.9,93.11%,0,525,0.722,5,0,2568,0,0.00%
422,沈阳工程学院,辽宁,22.8,34.2,96.15%,0,246,0.421,2,0,5511,5400,0.11%
422,石家庄学院,河北,22.8,36.1,94.30%,0,258,0.387,0,0,0,0,0.00%
422,四川轻化工大学,四川,22.8,26.8,96.97%,1578,1245,0.716,17,0,29261,2080,0.37%
422,肇庆学院,广东,22.8,29.0,99.50%,916,301,0.631,1,0,15045,550,0.00%
428,黄山学院,安徽,22.7,29.3,95.80%,0,144,0.661,1,0,1163,0,0.13%
428,皖西学院,安徽,22.7,29.5,96.21%,0,252,0.650,1,0,1309,0,0.00%
430,安阳师范学院,河南,22.6,29.6,0,1086,1.094,26,0,0,0,0.00%
430,北京石油化工学院,北京,22.6,29.8,90.31%,0,836,0.672,7,0,22324,0,0.23%
430,龙岩学院,福建,22.6,20.3,99.10%,0,285,1.015,4,0,2160,0,0.02%
430,内蒙古科技大学,内蒙古,22.6,35.7,85.06%,0,1485,0.476,4,0,16696,0,0.06%
434,河南工程学院,河南,22.5,32.1,95.76%,0,567,0.494,1,0,1102,30,0.00%
434,天津城建大学,天津,22.5,33.6,93.31%,9,141,0.448,1,0,8053,15,0.88%
436,北部湾大学,广西,22.4,28.1,94.02%,0,215,0.690,0,0,10284,0,0.48%
437,长江师范学院,重庆,22.3,25.1,97.15%,0,412,0.760,5,0,4945,5295,0.00%
437,吉林化工学院,吉林,22.3,29.9,87.32%,0,449,0.704,1,0,0,0,0.00%
437,吉林建筑大学,吉林,22.3,34.7,89.36%,0,351,0.420,0,0,36609,90,0.19%
437,景德镇陶瓷大学,江西,22.3,21.2,82.06%,2521,777,1.145,31,0,6799,1000,0.20%
437,云南民族大学,云南,22.3,22.8,98.45%,0,727,0.833,8,0,100,80,0.60%
442,辽宁石油化工大学,辽宁,22.2,31.3,90.31%,495,1769,0.440,6,0,12837,0,3.11%
443,广西科技大学,广西,22.1,34.1,92.67%,33,435,0.390,1,0,2641,10,0.19%
443,哈尔滨学院,黑龙江,22.1,31.8,85.16%,0,190,0.630,1,0,1220,0,0.00%
443,山东工商学院,山东,22.1,25.7,98.09%,66,342,0.688,2,0,542,0,0.56%
443,太原工业学院,山西,22.1,34.6,90.24%,0,155,0.420,0,0,363,0,0.00%
443,郑州航空工业管理学院,河南,22.1,37.5,0,337,0.687,7,0,8138,0,0.00%
448,常州工学院,江苏,22.0,33.0,98.33%,0,449,0.309,0,0,8961,88,0.82%
448,重庆科技学院,重庆,22.0,27.8,95.54%,0,787,0.561,6,0,96288,100,0.19%
448,华北科技学院,河北,22.0,32.1,95.56%,0,276,0.423,0,0,9863,0,0.32%
448,廊坊师范学院,河北,22.0,35.6,86.77%,0,125,0.403,0,0,50,0,0.00%
448,内蒙古民族大学,内蒙古,22.0,20.6,93.50%,1375,742,0.924,11,0,0,50,1.94%
448,西南林业大学,云南,22.0,26.8,96.60%,0,830,0.618,7,0,30036,0,0.09%
448,咸阳师范学院,陕西,22.0,33.6,88.87%,0,323,0.465,1,0,2392,0,0.03%
448,湘南学院,湖南,22.0,26.8,93.33%,17,211,0.705,2,0,0,0,0.05%
448,云南农业大学,云南,22.0,23.0,96.67%,600,1085,0.769,14,0,34753,100,0.59%
457,北方民族大学,宁夏,21.9,25.3,92.53%,6206,159,0.772,4,0,1489,0,0.00%
458,贵州师范大学,贵州,21.8,28.3,91.05%,0,984,0.614,7,0,7090,0,0.30%
458,天津农学院,天津,21.8,27.7,95.69%,0,485,0.588,0,0,8183,20,0.14%
460,福建江夏学院,福建,21.7,28.6,96.66%,0,133,0.540,1,0,268,0,0.00%
460,合肥师范学院,安徽,21.7,27.7,92.56%,0,522,0.620,0,0,8280,100,0.00%
460,青海师范大学,青海,21.7,24.1,90.32%,0,392,0.827,8,0,0,0,0.00%
463,重庆第二师范学院,重庆,21.6,25.6,95.02%,0,328,0.668,3,0,510,0,0.00%
463,丽水学院,浙江,21.6,24.2,95.78%,123,492,0.713,6,0,2539,0,0.01%
463,南昌工程学院,江西,21.6,24.2,87.47%,0,551,0.845,11,0,1205,0,0.00%
463,齐鲁师范学院,山东,21.6,17.4,93.11%,0,167,1.090,3,0,0,0,0.00%
463,天津职业技术师范大学,天津,21.6,28.1,94.03%,0,597,0.540,3,0,9541,2,0.62%
463,新乡学院,河南,21.6,27.2,95.48%,0,518,0.590,9,0,0,0,0.00%
469,内蒙古师范大学,内蒙古,21.5,29.7,92.59%,4344,512,0.472,0,0,1805,0,1.24%
469,渭南师范学院,陕西,21.5,33.3,91.19%,0,181,0.359,1,0,162,0,0.00%
471,河南牧业经济学院,河南,21.4,27.4,95.04%,0,143,0.560,0,0,0,20,0.00%
471,井冈山大学,江西,21.4,25.0,87.89%,0,617,0.705,3,0,92,0,2.71%
473,韩山师范学院,广东,21.3,24.6,92.49%,0,298,0.709,2,0,608,78,0.00%
473,河南城建学院,河南,21.3,26.5,94.60%,0,468,0.590,1,0,360,20,0.00%
473,贺州学院,广西,21.3,24.3,92.80%,0,178,0.710,0,0,41625,0,0.27%
473,西北民族大学,甘肃,21.3,25.3,91.25%,0,576,0.694,4,0,678,0,0.00%
473,邢台学院,河北,21.3,28.5,97.51%,0,116,0.470,0,0,0,0,0.01%
478,安阳工学院,河南,21.2,28.3,87.53%,0,258,0.604,2,0,760,0,0.00%
478,贵州财经大学,贵州,21.2,25.2,97.96%,0,340,0.590,1,0,130,0,0.01%
478,河西学院,甘肃,21.2,27.3,89.82%,0,353,0.621,1,0,1983,0,0.00%
478,昆明学院,云南,21.2,22.7,98.44%,0,387,0.674,1,0,1167,0,0.50%
478,乐山师范学院,四川,21.2,25.0,95.30%,0,221,0.630,0,0,1075,0,0.57%
483,山东交通学院,山东,21.1,21.4,94.80%,0,345,0.785,5,0,0,0,0.48%
483,玉溪师范学院,云南,21.1,22.8,97.23%,0,205,0.702,1,0,792,0,0.13%
485,东华理工大学,江西,21.0,29.2,0,1330,0.824,21,1,77754,50,0.02%
485,嘉应学院,广东,21.0,25.0,95.27%,0,220,0.609,2,0,1904,0,0.01%
485,荆楚理工学院,湖北,21.0,26.1,95.69%,0,127,0.550,0,0,1012,0,0.01%
485,商洛学院,陕西,21.0,29.8,93.46%,0,190,0.410,0,0,0,759,0.00%
489,贵州民族大学,贵州,20.8,24.2,87.96%,0,193,0.698,3,0,450,0,1.37%
489,黑龙江八一农垦大学,黑龙江,20.8,28.1,83.96%,0,993,0.579,1,0,4601,1760,0.00%
489,绵阳师范学院,四川,20.8,28.0,91.59%,0,399,0.488,1,0,540,0,0.22%
489,牡丹江师范学院,黑龙江,20.8,31.5,85.04%,27,193,0.426,1,0,191,0,0.31%
489,浙江万里学院,浙江,20.8,20.6,95.27%,220,476,0.774,4,0,1944,0,0.23%
494,防灾科技学院,河北,20.6,27.9,91.66%,0,430,0.460,0,0,4875,0,0.00%
494,宜宾学院,四川,20.6,21.8,92.85%,0,474,0.723,6,0,3456,1000,0.00%
494,中原工学院,河南,20.6,31.9,0,832,0.683,10,0,15195,2650,0.02%
497,周口师范学院,河南,20.4,25.9,94.53%,0,614,0.483,1,0,0,0,0.00%
498,重庆三峡学院,重庆,20.3,22.8,90.70%,0,576,0.662,5,0,10613,0,0.00%
498,济宁学院,山东,20.3,13.1,92.71%,0,362,1.092,6,0,0,0,0.00%
498,泰山学院,山东,20.3,16.8,93.55%,0,363,0.904,8,0,923,1070,0.00%
498,西安航空学院,陕西,20.3,30.7,92.26%,0,133,0.280,0,0,408,0,0.00%
498,浙江水利水电学院,浙江,20.3,21.4,96.44%,1359,209,0.643,2,0,21411,0,0.00%
503,辽东学院,辽宁,20.1,23.8,95.29%,0,160,0.520,0,0,2345,0,0.08%
503,新疆农业大学,新疆,20.1,20.8,90.08%,755,640,0.705,7,0,25096,100,0.31%
505,滨州学院,山东,20.0,16.5,97.25%,4085,520,0.804,8,0,302,0,0.00%
506,长春工程学院,吉林,19.9,27.9,90.40%,170,237,0.382,0,0,1759,0,0.00%
507,赤峰学院,内蒙古,19.8,21.6,91.36%,0,132,0.614,0,0,0,0,1.43%
507,南阳理工学院,河南,19.8,27.2,90.90%,2147,364,0.373,1,0,0,10,0.26%
509,成都工业学院,四川,19.6,23.8,95.06%,0,154,0.450,0,0,4800,0,0.00%
509,四川文理学院,四川,19.6,21.2,95.13%,0,148,0.568,1,0,0,0,0.36%
509,天水师范学院,甘肃,19.6,29.1,63.25%,0,284,0.687,3,0,3521,420,0.00%
512,黄淮学院,河南,19.5,23.6,96.89%,0,271,0.423,1,0,0,20,0.00%
512,铜陵学院,安徽,19.5,25.0,90.82%,6270,178,0.440,0,0,300,0,0.00%
514,湖南工学院,湖南,19.4,23.1,95.28%,1369,335,0.448,0,0,534,0,0.00%
514,湖南科技学院,湖南,19.4,22.5,91.12%,110,225,0.540,5,0,66,0,0.00%
514,九江学院,江西,19.4,20.6,83.04%,0,628,0.684,7,0,3213,0,1.82%
514,邵阳学院,湖南,19.4,21.7,96.38%,0,282,0.479,0,0,50299,0,0.00%
514,许昌学院,河南,19.4,25.7,0,615,0.810,9,0,6914,450,0.00%
519,西藏大学,西藏,19.3,24.2,0,491,0.872,5,0,2650,0,0.00%
520,桂林航天工业学院,广西,19.2,22.7,92.31%,0,173,0.410,1,0,489,30,2.67%
520,衢州学院,浙江,19.2,21.9,96.54%,0,227,0.460,1,0,2297,0,0.00%
520,商丘师范学院,河南,19.2,26.1,0,455,0.777,3,0,0,0,0.00%
520,铜仁学院,贵州,19.2,11.8,97.00%,0,138,0.902,1,0,1688,0,0.67%
524,红河学院,云南,19.0,17.0,97.66%,0,364,0.613,4,0,946,0,0.88%
524,怀化学院,湖南,19.0,20.0,93.91%,0,338,0.553,1,0,300,0,0.00%
524,塔里木大学,新疆,19.0,18.0,92.85%,0,210,0.671,0,0,2030,0,0.00%
527,池州学院,安徽,18.9,16.3,94.00%,0,178,0.708,1,0,0,0,0.00%
528,滁州学院,安徽,18.8,18.8,96.18%,0,455,0.523,5,0,11084,0,0.00%
529,安徽科技学院,安徽,18.7,16.2,92.89%,0,142,0.699,2,0,4003,1860,0.00%
529,贵阳学院,贵州,18.7,19.1,93.96%,0,163,0.550,0,0,50,5,0.01%
529,潍坊学院,山东,18.7,19.4,92.81%,0,705,0.523,6,0,1830,0,0.11%
529,宜春学院,江西,18.7,17.5,87.32%,0,302,0.690,0,0,157,400,1.51%
533,淮南师范学院,安徽,18.6,18.1,95.22%,0,405,0.557,3,0,810,0,0.00%
534,楚雄师范学院,云南,18.3,18.4,97.88%,0,141,0.450,0,0,0,0,0.24%
534,贵州理工学院,贵州,18.3,17.5,83.40%,0,111,0.732,3,0,2660,20,0.00%
536,巢湖学院,安徽,18.2,17.0,94.89%,0,147,0.552,2,0,130,0,0.00%
537,德州学院,山东,18.0,13.0,93.13%,0,576,0.730,6,0,95,10,0.00%
538,攀枝花学院,四川,17.9,19.5,96.55%,0,282,0.358,0,0,619,8,0.05%
539,伊犁师范大学,新疆,17.7,18.8,87.20%,0,117,0.506,0,0,0,0,0.20%
539,榆林学院,陕西,17.7,30.2,2906,111,0.356,0,0,278,0,0.00%
541,陇东学院,甘肃,17.5,25.1,0,138,0.551,0,0,332,2005,0.00%
542,西京学院,陕西,17.3,15.1,93.30%,0,102,0.522,2,0,34458,0,0.00%
543,邯郸学院,河北,17.2,27.8,0,205,0.390,0,0,578,0,0.00%
544,海南热带海洋学院,海南,17.1,16.0,91.31%,0,121,0.469,1,0,0,0,0.52%
544,莆田学院,福建,17.1,24.0,0,298,0.548,1,0,961,0,0.00%
544,枣庄学院,山东,17.1,10.9,95.99%,0,292,0.645,2,0,600,0,0.16%
547,浙江树人学院,浙江,16.7,10.6,96.95%,4626,315,0.576,4,0,3866,575,0.04%
548,平顶山学院,河南,16.0,23.8,0,174,0.391,0,0,680,0,0.00%
549,湖南涉外经济学院,湖南,15.5,14.8,93.20%,0,177,0.270,0,0,40,0,0.00%
